id,first_name,last_name,adress,created_at,updated_at
1,Jonas,Grafas,Siauliai,2017-01-25 19:31:24 UTC,2017-01-25 19:31:24 UTC
2,Deivis,Grafas,Kaunas,2017-01-25 19:31:24 UTC,2017-01-25 19:31:24 UTC
3,Marius,Karalius,Kaunas,2017-01-25 19:31:24 UTC,2017-01-25 19:31:24 UTC
4,Ernestas,Karalius,Kaunas,2017-01-25 19:31:24 UTC,2017-01-25 19:31:24 UTC
5,Tomas,Ponas,Kaunas,2017-01-25 19:31:24 UTC,2017-01-25 19:31:24 UTC
6,Ernestas,Ponas,Klaipeda,2017-01-25 19:31:24 UTC,2017-01-25 19:31:24 UTC
7,Tomas,Ponas,Vilnius,2017-01-25 19:31:24 UTC,2017-01-25 19:31:24 UTC
8,Marius,Karalius,Kaunas,2017-01-25 19:31:24 UTC,2017-01-25 19:31:24 UTC
9,Deivis,Grafas,Kaunas,2017-01-25 19:31:24 UTC,2017-01-25 19:31:24 UTC
10,Deivis,Ponas,Kaunas,2017-01-25 19:31:24 UTC,2017-01-25 19:31:24 UTC
11,Deivis,Ponas,Kaunas,2017-01-25 19:31:24 UTC,2017-01-25 19:31:24 UTC
12,Jonas,Ponas,Kaunas,2017-01-25 19:31:24 UTC,2017-01-25 19:31:24 UTC
13,Marius,Grafas,Siauliai,2017-01-25 19:31:24 UTC,2017-01-25 19:31:24 UTC
14,Jonas,Grafas,Siauliai,2017-01-25 19:31:24 UTC,2017-01-25 19:31:24 UTC
15,Ernestas,Grafas,Siauliai,2017-01-25 19:31:24 UTC,2017-01-25 19:31:24 UTC
16,Marius,Karalius,Kaunas,2017-01-25 19:31:24 UTC,2017-01-25 19:31:24 UTC
17,Marius,Ponas,Vilnius,2017-01-25 19:31:24 UTC,2017-01-25 19:31:24 UTC
18,Tomas,Ponas,Kaunas,2017-01-25 19:31:24 UTC,2017-01-25 19:31:24 UTC
19,Jonas,Ponas,Siauliai,2017-01-25 19:31:24 UTC,2017-01-25 19:31:24 UTC
20,Marius,Grafas,Siauliai,2017-01-25 19:31:24 UTC,2017-01-25 19:31:24 UTC
